method,solution,cut_value,execution_time,trial_seed,quality,graph_name,exact_optimum,schema_version
Classical SA (Metropolis),"[1, 0, 1, 0]",4,0.005021095275878906,4071,1.0,K4,4,1
Classical SA (Metropolis),"[0, 0, 1, 1]",4,0.005189180374145508,6937,1.0,K4,4,1
Classical SA (Metropolis),"[1, 0, 0, 1]",4,0.004971981048583984,9887,1.0,K4,4,1
Classical SA (Metropolis),"[0, 1, 1, 0]",4,0.0051000118255615234,7742,1.0,K4,4,1
Classical SA (Metropolis),"[0, 0, 1, 1]",4,0.00513005256652832,5873,1.0,K4,4,1
Classical SA (Metropolis),"[1, 1, 0, 0]",4,0.004931926727294922,2567,1.0,K4,4,1
Classical SA (Metropolis),"[1, 0, 0, 1]",4,0.0051288604736328125,6615,1.0,K4,4,1
Classical SA (Metropolis),"[0, 1, 1, 0]",4,0.005305051803588867,6807,1.0,K4,4,1
Classical SA (Metropolis),"[0, 1, 1, 0]",4,0.005074977874755859,6927,1.0,K4,4,1
Classical SA (Metropolis),"[0, 1, 0, 1]",4,0.005048990249633789,1495,1.0,K4,4,1
Classical SA (Metropolis),"[0, 1, 0, 1]",4,0.004932880401611328,6584,1.0,K4,4,1
Classical SA (Metropolis),"[1, 0, 0, 1]",4,0.00522303581237793,3465,1.0,K4,4,1
Classical SA (Metropolis),"[1, 0, 0, 1]",4,0.004949092864990234,6823,1.0,K4,4,1
Classical SA (Metropolis),"[1, 0, 1, 0]",4,0.005307912826538086,8323,1.0,K4,4,1
Classical SA (Metropolis),"[1, 0, 1, 0]",4,0.005210161209106445,4957,1.0,K4,4,1
Classical SA (Metropolis),"[1, 1, 0, 0]",4,0.004913806915283203,7284,1.0,K4,4,1
Classical SA (Metropolis),"[0, 1, 1, 0]",4,0.0050089359283447266,5951,1.0,K4,4,1
Classical SA (Metropolis),"[0, 1, 1, 0]",4,0.0051000118255615234,8759,1.0,K4,4,1
Classical SA (Metropolis),"[0, 0, 1, 1]",4,0.0049839019775390625,8910,1.0,K4,4,1
Classical SA (Metropolis),"[0, 1, 1, 0]",4,0.004906177520751953,4252,1.0,K4,4,1
Tabu Search,"[0, 0, 1, 1]",4,2.108985185623169,4071,1.0,K4,4,1
Tabu Search,"[1, 1, 0, 0]",4,2.100389003753662,6937,1.0,K4,4,1
Tabu Search,"[0, 1, 1, 0]",4,2.100299835205078,9887,1.0,K4,4,1
Tabu Search,"[1, 1, 0, 0]",4,2.10046124458313,7742,1.0,K4,4,1
Tabu Search,"[1, 0, 0, 1]",4,2.1004421710968018,5873,1.0,K4,4,1
Tabu Search,"[1, 0, 1, 0]",4,2.1086270809173584,2567,1.0,K4,4,1
Tabu Search,"[1, 0, 0, 1]",4,2.1004421710968018,6615,1.0,K4,4,1
Tabu Search,"[1, 1, 0, 0]",4,2.100166082382202,6807,1.0,K4,4,1
Tabu Search,"[0, 0, 1, 1]",4,2.1005077362060547,6927,1.0,K4,4,1
Tabu Search,"[0, 0, 1, 1]",4,2.103538990020752,1495,1.0,K4,4,1
Tabu Search,"[1, 1, 0, 0]",4,2.0996320247650146,6584,1.0,K4,4,1
Tabu Search,"[0, 1, 0, 1]",4,2.0994508266448975,3465,1.0,K4,4,1
Tabu Search,"[0, 0, 1, 1]",4,2.0996711254119873,6823,1.0,K4,4,1
Tabu Search,"[0, 1, 0, 1]",4,2.100296974182129,8323,1.0,K4,4,1
Tabu Search,"[0, 0, 1, 1]",4,2.100144863128662,4957,1.0,K4,4,1
Tabu Search,"[1, 1, 0, 0]",4,2.0997328758239746,7284,1.0,K4,4,1
Tabu Search,"[1, 0, 0, 1]",4,2.100440740585327,5951,1.0,K4,4,1
Tabu Search,"[0, 0, 1, 1]",4,2.101447343826294,8759,1.0,K4,4,1
Tabu Search,"[1, 0, 1, 0]",4,2.1004951000213623,8910,1.0,K4,4,1
Tabu Search,"[1, 1, 0, 0]",4,2.0996780395507812,4252,1.0,K4,4,1
Classical SA (Metropolis),"[0, 1, 1, 0, 0, 1]",9,0.008275985717773438,1958,1.0,K6,9,1
Classical SA (Metropolis),"[0, 0, 0, 1, 1, 1]",9,0.008221864700317383,1470,1.0,K6,9,1
Classical SA (Metropolis),"[1, 0, 0, 1, 0, 1]",9,0.00820302963256836,3643,1.0,K6,9,1
Classical SA (Metropolis),"[1, 0, 0, 1, 1, 0]",9,0.008225679397583008,5677,1.0,K6,9,1
Classical SA (Metropolis),"[0, 0, 0, 1, 1, 1]",9,0.008263111114501953,8771,1.0,K6,9,1
Classical SA (Metropolis),"[0, 1, 0, 1, 0, 1]",9,0.008195877075195312,4216,1.0,K6,9,1
Classical SA (Metropolis),"[0, 1, 0, 1, 1, 0]",9,0.008091926574707031,8180,1.0,K6,9,1
Classical SA (Metropolis),"[1, 1, 0, 1, 0, 0]",9,0.008334159851074219,2157,1.0,K6,9,1
Classical SA (Metropolis),"[1, 1, 1, 0, 0, 0]",9,0.009113073348999023,9628,1.0,K6,9,1
Classical SA (Metropolis),"[0, 1, 0, 0, 1, 1]",9,0.008399724960327148,4712,1.0,K6,9,1
Classical SA (Metropolis),"[1, 1, 0, 0, 1, 0]",9,0.008308172225952148,3427,1.0,K6,9,1
Classical SA (Metropolis),"[1, 0, 1, 0, 1, 0]",9,0.008404016494750977,3559,1.0,K6,9,1
Classical SA (Metropolis),"[0, 0, 1, 0, 1, 1]",9,0.008054018020629883,7698,1.0,K6,9,1
Classical SA (Metropolis),"[1, 0, 1, 0, 0, 1]",9,0.00832676887512207,2100,1.0,K6,9,1
Classical SA (Metropolis),"[1, 0, 0, 1, 1, 0]",9,0.008044958114624023,2661,1.0,K6,9,1
Classical SA (Metropolis),"[1, 1, 0, 0, 0, 1]",9,0.008500814437866211,5195,1.0,K6,9,1
Classical SA (Metropolis),"[1, 1, 1, 0, 0, 0]",9,0.0084228515625,8095,1.0,K6,9,1
Classical SA (Metropolis),"[1, 0, 0, 1, 0, 1]",9,0.008286237716674805,4232,1.0,K6,9,1
Classical SA (Metropolis),"[0, 0, 1, 0, 1, 1]",9,0.008246898651123047,1146,1.0,K6,9,1
Classical SA (Metropolis),"[0, 1, 0, 1, 0, 1]",9,0.008091926574707031,3465,1.0,K6,9,1
Tabu Search,"[1, 1, 0, 1, 0, 0]",9,2.1005098819732666,1958,1.0,K6,9,1
Tabu Search,"[0, 0, 0, 1, 1, 1]",9,2.09983491897583,1470,1.0,K6,9,1
Tabu Search,"[0, 1, 1, 1, 0, 0]",9,2.100386142730713,3643,1.0,K6,9,1
Tabu Search,"[1, 1, 0, 0, 0, 1]",9,2.1003577709198,5677,1.0,K6,9,1
Tabu Search,"[0, 0, 1, 0, 1, 1]",9,2.100273847579956,8771,1.0,K6,9,1
Tabu Search,"[1, 1, 1, 0, 0, 0]",9,2.0994229316711426,4216,1.0,K6,9,1
Tabu Search,"[0, 0, 0, 1, 1, 1]",9,2.0995841026306152,8180,1.0,K6,9,1
Tabu Search,"[1, 0, 1, 0, 0, 1]",9,2.100207805633545,2157,1.0,K6,9,1
Tabu Search,"[1, 1, 1, 0, 0, 0]",9,2.1023550033569336,9628,1.0,K6,9,1
Tabu Search,"[1, 1, 0, 0, 1, 0]",9,2.1001789569854736,4712,1.0,K6,9,1
Tabu Search,"[1, 0, 0, 1, 1, 0]",9,2.1001391410827637,3427,1.0,K6,9,1
Tabu Search,"[1, 1, 0, 0, 1, 0]",9,2.100064992904663,3559,1.0,K6,9,1
Tabu Search,"[1, 1, 1, 0, 0, 0]",9,2.100493907928467,7698,1.0,K6,9,1
Tabu Search,"[1, 0, 1, 1, 0, 0]",9,2.1002490520477295,2100,1.0,K6,9,1
Tabu Search,"[0, 0, 0, 1, 1, 1]",9,2.0995540618896484,2661,1.0,K6,9,1
Tabu Search,"[1, 1, 1, 0, 0, 0]",9,2.1001789569854736,5195,1.0,K6,9,1
Tabu Search,"[1, 0, 0, 1, 1, 0]",9,2.0999631881713867,8095,1.0,K6,9,1
Tabu Search,"[0, 1, 1, 0, 1, 0]",9,2.10021710395813,4232,1.0,K6,9,1
Tabu Search,"[1, 1, 0, 0, 1, 0]",9,2.100386619567871,1146,1.0,K6,9,1
Tabu Search,"[0, 1, 0, 1, 0, 1]",9,2.1025149822235107,3465,1.0,K6,9,1
Classical SA (Metropolis),"[0, 0, 1, 1, 1, 0, 0, 1]",16,0.011784791946411133,3231,1.0,K8,16,1
Classical SA (Metropolis),"[1, 1, 1, 0, 1, 0, 0, 0]",16,0.011853218078613281,6569,1.0,K8,16,1
Classical SA (Metropolis),"[1, 1, 1, 1, 0, 0, 0, 0]",16,0.01175689697265625,3126,1.0,K8,16,1
Classical SA (Metropolis),"[1, 0, 1, 0, 0, 1, 0, 1]",16,0.011921167373657227,6401,1.0,K8,16,1
Classical SA (Metropolis),"[0, 1, 1, 1, 0, 0, 1, 0]",16,0.011726140975952148,1951,1.0,K8,16,1
Classical SA (Metropolis),"[0, 1, 0, 1, 0, 1, 0, 1]",16,0.011856317520141602,3625,1.0,K8,16,1
Classical SA (Metropolis),"[1, 0, 0, 0, 1, 1, 0, 1]",16,0.011820077896118164,6815,1.0,K8,16,1
Classical SA (Metropolis),"[1, 1, 1, 0, 0, 0, 0, 1]",16,0.011605978012084961,9395,1.0,K8,16,1
Classical SA (Metropolis),"[1, 1, 0, 0, 0, 1, 0, 1]",16,0.011952877044677734,6507,1.0,K8,16,1
Classical SA (Metropolis),"[0, 1, 1, 1, 0, 0, 0, 1]",16,0.011951208114624023,5223,1.0,K8,16,1
Classical SA (Metropolis),"[0, 0, 1, 1, 0, 0, 1, 1]",16,0.011678934097290039,3269,1.0,K8,16,1
Classical SA (Metropolis),"[1, 0, 0, 1, 1, 0, 1, 0]",16,0.012968778610229492,9750,1.0,K8,16,1
Classical SA (Metropolis),"[1, 0, 1, 0, 0, 1, 1, 0]",16,0.012011051177978516,1035,1.0,K8,16,1
Classical SA (Metropolis),"[1, 0, 0, 1, 0, 1, 1, 0]",16,0.011756181716918945,8425,1.0,K8,16,1
Classical SA (Metropolis),"[1, 1, 1, 0, 0, 1, 0, 0]",16,0.012001991271972656,7072,1.0,K8,16,1
Classical SA (Metropolis),"[0, 1, 1, 1, 1, 0, 0, 0]",16,0.011710882186889648,3377,1.0,K8,16,1
Classical SA (Metropolis),"[0, 1, 0, 1, 0, 1, 1, 0]",16,0.012861013412475586,4043,1.0,K8,16,1
Classical SA (Metropolis),"[1, 1, 0, 1, 0, 0, 1, 0]",16,0.017644882202148438,9307,1.0,K8,16,1
Classical SA (Metropolis),"[1, 0, 1, 0, 0, 1, 1, 0]",16,0.012029886245727539,9697,1.0,K8,16,1
Classical SA (Metropolis),"[1, 0, 1, 0, 1, 1, 0, 0]",16,0.012010812759399414,7883,1.0,K8,16,1
Tabu Search,"[1, 0, 0, 0, 1, 1, 1, 0]",16,2.1003520488739014,3231,1.0,K8,16,1
Tabu Search,"[1, 0, 1, 0, 0, 1, 0, 1]",16,2.0996201038360596,6569,1.0,K8,16,1
Tabu Search,"[1, 1, 1, 0, 1, 0, 0, 0]",16,2.0997607707977295,3126,1.0,K8,16,1
Tabu Search,"[1, 1, 1, 0, 1, 0, 0, 0]",16,2.1006152629852295,6401,1.0,K8,16,1
Tabu Search,"[0, 1, 1, 1, 0, 0, 0, 1]",16,2.099719285964966,1951,1.0,K8,16,1
Tabu Search,"[1, 1, 1, 0, 0, 0, 1, 0]",16,2.0996532440185547,3625,1.0,K8,16,1
Tabu Search,"[1, 0, 0, 1, 0, 1, 1, 0]",16,2.0996339321136475,6815,1.0,K8,16,1
Tabu Search,"[0, 1, 0, 1, 0, 1, 0, 1]",16,2.0999300479888916,9395,1.0,K8,16,1
Tabu Search,"[1, 0, 1, 1, 0, 0, 0, 1]",16,2.1045470237731934,6507,1.0,K8,16,1
Tabu Search,"[1, 0, 0, 1, 1, 0, 0, 1]",16,2.09958815574646,5223,1.0,K8,16,1
Tabu Search,"[1, 1, 1, 0, 0, 1, 0, 0]",16,2.1347949504852295,3269,1.0,K8,16,1
Tabu Search,"[0, 0, 1, 0, 1, 1, 0, 1]",16,2.1280319690704346,9750,1.0,K8,16,1
Tabu Search,"[1, 1, 0, 0, 1, 0, 0, 1]",16,2.1003620624542236,1035,1.0,K8,16,1
Tabu Search,"[0, 0, 1, 1, 0, 1, 1, 0]",16,2.1007509231567383,8425,1.0,K8,16,1
Tabu Search,"[1, 0, 0, 1, 1, 1, 0, 0]",16,2.100538969039917,7072,1.0,K8,16,1
Tabu Search,"[1, 1, 0, 0, 1, 0, 1, 0]",16,2.103645086288452,3377,1.0,K8,16,1
Tabu Search,"[0, 0, 0, 1, 1, 1, 0, 1]",16,2.1015608310699463,4043,1.0,K8,16,1
Tabu Search,"[1, 1, 1, 0, 1, 0, 0, 0]",16,2.2024457454681396,9307,1.0,K8,16,1
Tabu Search,"[0, 0, 0, 1, 1, 1, 1, 0]",16,2.100486993789673,9697,1.0,K8,16,1
Tabu Search,"[0, 1, 1, 0, 1, 1, 0, 0]",16,2.1003730297088623,7883,1.0,K8,16,1
Classical SA (Metropolis),"[1, 0, 0, 0, 1, 1, 1, 0, 1, 0]",13,0.011311769485473633,8649,1.0,R10,13,1
Classical SA (Metropolis),"[0, 1, 1, 1, 1, 0, 0, 0, 0, 1]",13,0.011270999908447266,8517,1.0,R10,13,1
Classical SA (Metropolis),"[0, 1, 1, 1, 1, 0, 0, 0, 0, 1]",13,0.011144876480102539,3034,1.0,R10,13,1
Classical SA (Metropolis),"[0, 1, 1, 1, 0, 0, 0, 1, 0, 1]",13,0.010992765426635742,2588,1.0,R10,13,1
Classical SA (Metropolis),"[0, 1, 1, 1, 0, 0, 0, 1, 0, 1]",13,0.011100053787231445,2648,1.0,R10,13,1
Classical SA (Metropolis),"[1, 0, 0, 0, 1, 1, 1, 0, 1, 0]",13,0.011434078216552734,4362,1.0,R10,13,1
Classical SA (Metropolis),"[0, 1, 1, 1, 0, 0, 0, 1, 0, 1]",13,0.010927200317382812,9379,1.0,R10,13,1
Classical SA (Metropolis),"[0, 1, 1, 1, 0, 0, 0, 1, 0, 1]",13,0.01161503791809082,6995,1.0,R10,13,1
Classical SA (Metropolis),"[0, 1, 1, 1, 0, 0, 0, 1, 0, 1]",13,0.010971307754516602,6576,1.0,R10,13,1
Classical SA (Metropolis),"[0, 1, 1, 1, 0, 0, 0, 1, 0, 1]",13,0.010981082916259766,2186,1.0,R10,13,1
Classical SA (Metropolis),"[1, 0, 0, 0, 0, 1, 1, 1, 1, 0]",13,0.011044979095458984,6644,1.0,R10,13,1
Classical SA (Metropolis),"[1, 0, 0, 0, 1, 1, 1, 0, 1, 0]",13,0.011068105697631836,7814,1.0,R10,13,1
Classical SA (Metropolis),"[1, 0, 0, 0, 0, 1, 1, 1, 1, 0]",13,0.019389867782592773,3138,1.0,R10,13,1
Classical SA (Metropolis),"[1, 0, 0, 0, 0, 1, 1, 1, 1, 0]",13,0.011059284210205078,6062,1.0,R10,13,1
Classical SA (Metropolis),"[0, 1, 1, 1, 1, 0, 0, 0, 0, 1]",13,0.01103520393371582,3382,1.0,R10,13,1
Classical SA (Metropolis),"[1, 0, 0, 0, 0, 1, 1, 1, 1, 0]",13,0.015569925308227539,6525,1.0,R10,13,1
Classical SA (Metropolis),"[0, 1, 1, 1, 0, 0, 0, 1, 0, 1]",13,0.011296987533569336,4263,1.0,R10,13,1
Classical SA (Metropolis),"[0, 1, 1, 1, 1, 0, 0, 0, 0, 1]",13,0.011011123657226562,8454,1.0,R10,13,1
Classical SA (Metropolis),"[1, 0, 0, 0, 0, 1, 1, 1, 1, 0]",13,0.011026859283447266,9819,1.0,R10,13,1
Classical SA (Metropolis),"[1, 0, 0, 0, 0, 1, 1, 1, 1, 0]",13,0.013026237487792969,3219,1.0,R10,13,1
Tabu Search,"[1, 0, 0, 0, 0, 1, 1, 1, 1, 0]",13,2.112694025039673,8649,1.0,R10,13,1
Tabu Search,"[0, 1, 1, 1, 0, 0, 0, 1, 0, 1]",13,2.100228786468506,8517,1.0,R10,13,1
Tabu Search,"[0, 1, 1, 1, 1, 0, 0, 0, 0, 1]",13,2.1003503799438477,3034,1.0,R10,13,1
Tabu Search,"[0, 1, 1, 1, 1, 0, 0, 0, 0, 1]",13,2.09968900680542,2588,1.0,R10,13,1
Tabu Search,"[0, 1, 1, 1, 0, 0, 0, 1, 0, 1]",13,2.1003239154815674,2648,1.0,R10,13,1
Tabu Search,"[1, 0, 0, 0, 0, 1, 1, 1, 1, 0]",13,2.1000466346740723,4362,1.0,R10,13,1
Tabu Search,"[0, 1, 1, 1, 0, 0, 0, 1, 0, 1]",13,2.0996642112731934,9379,1.0,R10,13,1
Tabu Search,"[1, 0, 0, 0, 0, 1, 1, 1, 1, 0]",13,2.0998570919036865,6995,1.0,R10,13,1
Tabu Search,"[0, 1, 1, 1, 0, 0, 0, 1, 0, 1]",13,2.099532127380371,6576,1.0,R10,13,1
Tabu Search,"[1, 0, 0, 0, 1, 1, 1, 0, 1, 0]",13,2.099522829055786,2186,1.0,R10,13,1
Tabu Search,"[1, 0, 0, 0, 0, 1, 1, 1, 1, 0]",13,2.114611864089966,6644,1.0,R10,13,1
Tabu Search,"[1, 0, 0, 0, 0, 1, 1, 1, 1, 0]",13,2.100429058074951,7814,1.0,R10,13,1
Tabu Search,"[1, 0, 0, 0, 0, 1, 1, 1, 1, 0]",13,2.0998828411102295,3138,1.0,R10,13,1
Tabu Search,"[0, 1, 1, 1, 0, 0, 0, 1, 0, 1]",13,2.100466012954712,6062,1.0,R10,13,1
Tabu Search,"[1, 0, 0, 0, 0, 1, 1, 1, 1, 0]",13,2.1009929180145264,3382,1.0,R10,13,1
Tabu Search,"[0, 1, 1, 1, 1, 0, 0, 0, 0, 1]",13,2.101165771484375,6525,1.0,R10,13,1
Tabu Search,"[0, 1, 1, 1, 1, 0, 0, 0, 0, 1]",13,2.1001110076904297,4263,1.0,R10,13,1
Tabu Search,"[1, 0, 0, 0, 0, 1, 1, 1, 1, 0]",13,2.0995540618896484,8454,1.0,R10,13,1
Tabu Search,"[1, 0, 0, 0, 1, 1, 1, 0, 1, 0]",13,2.1004738807678223,9819,1.0,R10,13,1
Tabu Search,"[1, 0, 0, 0, 0, 1, 1, 1, 1, 0]",13,2.1024701595306396,3219,1.0,R10,13,1
Classical SA (Metropolis),"[1, 0, 1, 1, 1, 0, 0, 0, 0, 0, 1, 1]",16,0.013704061508178711,2674,1.0,R12,16,1
Classical SA (Metropolis),"[0, 0, 1, 1, 0, 1, 0, 0, 1, 1, 0, 1]",16,0.013241052627563477,6940,1.0,R12,16,1
Classical SA (Metropolis),"[1, 1, 0, 0, 1, 0, 1, 1, 0, 0, 1, 0]",16,0.013525009155273438,3522,1.0,R12,16,1
Classical SA (Metropolis),"[1, 0, 1, 1, 1, 0, 0, 0, 0, 0, 1, 1]",16,0.013738870620727539,8155,1.0,R12,16,1
Classical SA (Metropolis),"[1, 0, 1, 1, 1, 0, 0, 0, 0, 0, 1, 1]",16,0.014138936996459961,6248,1.0,R12,16,1
Classical SA (Metropolis),"[1, 0, 1, 1, 1, 0, 0, 1, 0, 0, 1, 0]",16,0.013594865798950195,4197,1.0,R12,16,1
Classical SA (Metropolis),"[0, 0, 1, 0, 0, 1, 1, 0, 1, 1, 0, 1]",16,0.013621807098388672,2340,1.0,R12,16,1
Classical SA (Metropolis),"[1, 1, 0, 0, 1, 0, 1, 1, 0, 0, 1, 0]",16,0.013658761978149414,6725,1.0,R12,16,1
Classical SA (Metropolis),"[0, 1, 0, 0, 0, 1, 1, 1, 1, 1, 0, 0]",16,0.013387203216552734,4291,1.0,R12,16,1
Classical SA (Metropolis),"[0, 1, 0, 0, 0, 1, 1, 1, 1, 1, 0, 0]",16,0.013911724090576172,2950,1.0,R12,16,1
Classical SA (Metropolis),"[0, 1, 0, 0, 0, 1, 1, 1, 1, 1, 0, 0]",16,0.013597965240478516,2753,1.0,R12,16,1
Classical SA (Metropolis),"[0, 1, 0, 0, 0, 1, 1, 1, 1, 1, 0, 0]",16,0.01380300521850586,7167,1.0,R12,16,1
Classical SA (Metropolis),"[0, 0, 1, 1, 0, 1, 0, 0, 1, 1, 0, 1]",16,0.013456106185913086,5017,1.0,R12,16,1
Classical SA (Metropolis),"[0, 1, 0, 0, 0, 1, 1, 0, 1, 1, 0, 1]",16,0.013388872146606445,1593,1.0,R12,16,1
Classical SA (Metropolis),"[1, 1, 0, 1, 1, 0, 0, 1, 0, 0, 1, 0]",16,0.015017032623291016,3432,1.0,R12,16,1
Classical SA (Metropolis),"[0, 1, 0, 0, 0, 1, 1, 0, 1, 1, 0, 1]",16,0.01380610466003418,4872,1.0,R12,16,1
Classical SA (Metropolis),"[1, 0, 1, 1, 1, 0, 0, 1, 0, 0, 1, 0]",16,0.013460874557495117,5662,1.0,R12,16,1
Classical SA (Metropolis),"[0, 1, 0, 0, 0, 1, 1, 0, 1, 1, 0, 1]",16,0.013487100601196289,2394,1.0,R12,16,1
Classical SA (Metropolis),"[0, 1, 0, 0, 0, 1, 1, 1, 1, 1, 0, 0]",16,0.032119035720825195,2528,1.0,R12,16,1
Classical SA (Metropolis),"[0, 0, 1, 1, 0, 1, 0, 0, 1, 1, 0, 1]",16,0.013247013092041016,5497,1.0,R12,16,1
Tabu Search,"[1, 1, 0, 1, 1, 0, 0, 1, 0, 0, 1, 0]",16,2.1002299785614014,2674,1.0,R12,16,1
Tabu Search,"[0, 0, 1, 0, 0, 1, 1, 0, 1, 1, 0, 1]",16,2.100330114364624,6940,1.0,R12,16,1
Tabu Search,"[0, 0, 1, 1, 0, 1, 0, 0, 1, 1, 0, 1]",16,2.0998167991638184,3522,1.0,R12,16,1
Tabu Search,"[0, 1, 0, 0, 0, 1, 1, 1, 1, 1, 0, 0]",16,2.0996649265289307,8155,1.0,R12,16,1
Tabu Search,"[1, 0, 1, 1, 1, 0, 0, 0, 0, 0, 1, 1]",16,2.1003057956695557,6248,1.0,R12,16,1
Tabu Search,"[1, 1, 0, 1, 1, 0, 0, 1, 0, 0, 1, 0]",16,2.0999069213867188,4197,1.0,R12,16,1
Tabu Search,"[1, 1, 0, 0, 1, 0, 1, 1, 0, 0, 1, 0]",16,2.0998198986053467,2340,1.0,R12,16,1
Tabu Search,"[1, 1, 0, 1, 1, 0, 0, 1, 0, 0, 1, 0]",16,2.0998899936676025,6725,1.0,R12,16,1
Tabu Search,"[0, 0, 1, 1, 0, 1, 0, 0, 1, 1, 0, 1]",16,2.0999321937561035,4291,1.0,R12,16,1
Tabu Search,"[1, 1, 0, 0, 1, 0, 1, 1, 0, 0, 1, 0]",16,2.100586175918579,2950,1.0,R12,16,1
Tabu Search,"[1, 0, 1, 1, 1, 0, 0, 0, 0, 0, 1, 1]",16,2.0998919010162354,2753,1.0,R12,16,1
Tabu Search,"[0, 0, 1, 0, 0, 1, 1, 0, 1, 1, 0, 1]",16,2.0996248722076416,7167,1.0,R12,16,1
Tabu Search,"[1, 1, 0, 0, 1, 0, 1, 1, 0, 0, 1, 0]",16,2.1130058765411377,5017,1.0,R12,16,1
Tabu Search,"[1, 0, 1, 1, 1, 0, 0, 0, 0, 0, 1, 1]",16,2.100034713745117,1593,1.0,R12,16,1
Tabu Search,"[1, 0, 1, 1, 1, 0, 0, 0, 0, 0, 1, 1]",16,2.1004679203033447,3432,1.0,R12,16,1
Tabu Search,"[1, 1, 0, 0, 1, 0, 1, 1, 0, 0, 1, 0]",16,2.0996479988098145,4872,1.0,R12,16,1
Tabu Search,"[0, 1, 0, 0, 0, 1, 1, 1, 1, 1, 0, 0]",16,2.100011110305786,5662,1.0,R12,16,1
Tabu Search,"[0, 1, 0, 0, 0, 1, 1, 1, 1, 1, 0, 0]",16,2.101004123687744,2394,1.0,R12,16,1
Tabu Search,"[1, 1, 0, 0, 1, 0, 1, 1, 0, 0, 1, 0]",16,2.1033589839935303,2528,1.0,R12,16,1
Tabu Search,"[0, 0, 1, 1, 0, 1, 0, 0, 1, 1, 0, 1]",16,2.1003599166870117,5497,1.0,R12,16,1
Classical SA (Metropolis),"[1, 1, 0, 0, 0, 1, 0, 1, 1, 0, 0, 1, 0, 0, 0, 1]",21,0.017690181732177734,9447,1.0,R16,21,1
Classical SA (Metropolis),"[1, 1, 0, 1, 0, 1, 1, 1, 0, 0, 0, 0, 1, 0, 0, 0]",21,0.01760101318359375,7937,1.0,R16,21,1
Classical SA (Metropolis),"[0, 0, 1, 0, 1, 0, 0, 0, 1, 1, 1, 1, 0, 1, 1, 1]",21,0.017390966415405273,5877,1.0,R16,21,1
Classical SA (Metropolis),"[0, 0, 1, 0, 1, 0, 0, 0, 1, 1, 1, 1, 0, 1, 1, 1]",21,0.017865896224975586,9612,1.0,R16,21,1
Classical SA (Metropolis),"[1, 1, 0, 0, 0, 1, 0, 1, 1, 0, 0, 1, 0, 0, 0, 1]",21,0.017463207244873047,2319,1.0,R16,21,1
Classical SA (Metropolis),"[1, 1, 0, 0, 0, 1, 0, 1, 1, 0, 0, 1, 0, 0, 0, 1]",21,0.017522811889648438,4456,1.0,R16,21,1
Classical SA (Metropolis),"[0, 0, 1, 0, 1, 0, 0, 0, 1, 1, 1, 1, 0, 1, 1, 1]",21,0.017102718353271484,7309,1.0,R16,21,1
Classical SA (Metropolis),"[0, 0, 1, 1, 1, 0, 1, 0, 0, 1, 1, 0, 1, 1, 1, 0]",21,0.01747608184814453,8246,1.0,R16,21,1
Classical SA (Metropolis),"[0, 0, 1, 1, 1, 0, 1, 0, 0, 1, 1, 0, 1, 1, 1, 0]",21,0.017511844635009766,9572,1.0,R16,21,1
Classical SA (Metropolis),"[0, 0, 1, 1, 1, 0, 1, 0, 0, 1, 1, 0, 1, 1, 1, 0]",21,0.01763296127319336,2474,1.0,R16,21,1
Classical SA (Metropolis),"[0, 0, 1, 1, 1, 0, 1, 0, 0, 1, 1, 0, 1, 1, 1, 0]",21,0.017737150192260742,7177,1.0,R16,21,1
Classical SA (Metropolis),"[1, 1, 0, 0, 0, 1, 0, 1, 1, 0, 0, 1, 0, 0, 0, 1]",21,0.01705026626586914,9971,1.0,R16,21,1
Classical SA (Metropolis),"[0, 0, 1, 0, 1, 0, 0, 0, 1, 1, 1, 1, 0, 1, 1, 1]",21,0.017490863800048828,5861,1.0,R16,21,1
Classical SA (Metropolis),"[1, 1, 0, 0, 0, 1, 0, 1, 1, 0, 0, 1, 0, 0, 0, 1]",21,0.017561912536621094,7229,1.0,R16,21,1
Classical SA (Metropolis),"[0, 0, 1, 1, 1, 0, 1, 0, 0, 1, 1, 0, 1, 1, 1, 0]",21,0.017795085906982422,9580,1.0,R16,21,1
Classical SA (Metropolis),"[0, 0, 1, 0, 1, 0, 0, 0, 1, 1, 1, 1, 0, 1, 1, 1]",21,0.017468929290771484,2268,1.0,R16,21,1
Classical SA (Metropolis),"[1, 1, 0, 0, 0, 1, 0, 1, 1, 0, 0, 1, 0, 0, 0, 1]",21,0.01740860939025879,8542,1.0,R16,21,1
Classical SA (Metropolis),"[0, 0, 1, 1, 1, 0, 1, 0, 0, 1, 1, 0, 1, 1, 1, 0]",21,0.01724076271057129,2974,1.0,R16,21,1
Classical SA (Metropolis),"[1, 1, 0, 1, 0, 1, 1, 1, 0, 0, 0, 0, 1, 0, 0, 0]",21,0.017583847045898438,9700,1.0,R16,21,1
Classical SA (Metropolis),"[0, 0, 1, 1, 1, 0, 1, 0, 0, 1, 1, 0, 1, 1, 1, 0]",21,0.017479896545410156,7455,1.0,R16,21,1
Tabu Search,"[0, 0, 1, 0, 1, 0, 0, 0, 1, 1, 1, 1, 0, 1, 1, 1]",21,2.1006531715393066,9447,1.0,R16,21,1
Tabu Search,"[1, 1, 0, 0, 0, 1, 0, 1, 1, 0, 0, 1, 0, 0, 0, 1]",21,2.099828004837036,7937,1.0,R16,21,1
Tabu Search,"[1, 1, 0, 1, 0, 1, 1, 1, 0, 0, 0, 0, 1, 0, 0, 0]",21,2.1000969409942627,5877,1.0,R16,21,1
Tabu Search,"[0, 0, 1, 1, 1, 0, 1, 0, 0, 1, 1, 0, 1, 1, 1, 0]",21,2.1004559993743896,9612,1.0,R16,21,1
Tabu Search,"[1, 1, 0, 1, 0, 1, 1, 1, 0, 0, 0, 0, 1, 0, 0, 0]",21,2.099982976913452,2319,1.0,R16,21,1
Tabu Search,"[1, 1, 0, 1, 0, 1, 1, 1, 0, 0, 0, 0, 1, 0, 0, 0]",21,2.0998740196228027,4456,1.0,R16,21,1
Tabu Search,"[0, 0, 1, 1, 1, 0, 1, 0, 0, 1, 1, 0, 1, 1, 1, 0]",21,2.1004209518432617,7309,1.0,R16,21,1
Tabu Search,"[1, 1, 0, 0, 0, 1, 0, 1, 1, 0, 0, 1, 0, 0, 0, 1]",21,2.1020281314849854,8246,1.0,R16,21,1
Tabu Search,"[1, 1, 0, 1, 0, 1, 1, 1, 0, 0, 0, 0, 1, 0, 0, 0]",21,2.0997791290283203,9572,1.0,R16,21,1
Tabu Search,"[0, 0, 1, 1, 1, 0, 1, 0, 0, 1, 1, 0, 1, 1, 1, 0]",21,2.099820137023926,2474,1.0,R16,21,1
Tabu Search,"[1, 1, 0, 1, 0, 1, 1, 1, 0, 0, 0, 0, 1, 0, 0, 0]",21,2.099705219268799,7177,1.0,R16,21,1
Tabu Search,"[0, 0, 1, 0, 1, 0, 0, 0, 1, 1, 1, 1, 0, 1, 1, 1]",21,2.0996580123901367,9971,1.0,R16,21,1
Tabu Search,"[0, 0, 1, 0, 1, 0, 0, 0, 1, 1, 1, 1, 0, 1, 1, 1]",21,2.1107900142669678,5861,1.0,R16,21,1
Tabu Search,"[1, 1, 0, 0, 0, 1, 0, 1, 1, 0, 0, 1, 0, 0, 0, 1]",21,2.1667940616607666,7229,1.0,R16,21,1
Tabu Search,"[1, 1, 0, 0, 0, 1, 0, 1, 1, 0, 0, 1, 0, 0, 0, 1]",21,2.100212812423706,9580,1.0,R16,21,1
Tabu Search,"[1, 1, 0, 0, 0, 1, 0, 1, 1, 0, 0, 1, 0, 0, 0, 1]",21,2.0999417304992676,2268,1.0,R16,21,1
Tabu Search,"[1, 1, 0, 0, 0, 1, 0, 1, 1, 0, 0, 1, 0, 0, 0, 1]",21,2.100003957748413,8542,1.0,R16,21,1
Tabu Search,"[1, 1, 0, 1, 0, 1, 1, 1, 0, 0, 0, 0, 1, 0, 0, 0]",21,2.1001720428466797,2974,1.0,R16,21,1
Tabu Search,"[0, 0, 1, 0, 1, 0, 0, 0, 1, 1, 1, 1, 0, 1, 1, 1]",21,2.099825143814087,9700,1.0,R16,21,1
Tabu Search,"[1, 1, 0, 0, 0, 1, 0, 1, 1, 0, 0, 1, 0, 0, 0, 1]",21,2.099900960922241,7455,1.0,R16,21,1
Classical SA (Metropolis),"[1, 0, 0, 0, 0, 1, 1, 0, 1, 0, 0, 1, 1, 0, 1, 0, 0, 1, 1, 0]",27,0.02152705192565918,9962,1.0,R20,27,1
Classical SA (Metropolis),"[0, 1, 1, 1, 1, 0, 0, 1, 0, 1, 1, 0, 0, 1, 0, 1, 1, 0, 0, 1]",27,0.0217130184173584,7475,1.0,R20,27,1
Classical SA (Metropolis),"[0, 1, 1, 1, 1, 0, 0, 1, 0, 1, 1, 0, 0, 1, 0, 1, 1, 0, 0, 1]",27,0.045499324798583984,5948,1.0,R20,27,1
Classical SA (Metropolis),"[1, 0, 0, 0, 0, 1, 1, 0, 1, 0, 0, 1, 1, 0, 1, 0, 0, 1, 1, 0]",27,0.021257877349853516,2695,1.0,R20,27,1
Classical SA (Metropolis),"[0, 1, 1, 1, 1, 0, 0, 1, 0, 1, 1, 0, 0, 1, 0, 1, 1, 0, 0, 1]",27,0.0210878849029541,5373,1.0,R20,27,1
Classical SA (Metropolis),"[1, 0, 0, 0, 0, 1, 1, 0, 1, 0, 0, 1, 1, 0, 1, 0, 0, 1, 1, 0]",27,0.021322965621948242,7636,1.0,R20,27,1
Classical SA (Metropolis),"[1, 0, 0, 0, 0, 1, 1, 0, 1, 0, 0, 1, 1, 0, 1, 0, 0, 1, 1, 0]",27,0.021361112594604492,2815,1.0,R20,27,1
Classical SA (Metropolis),"[1, 0, 0, 0, 0, 1, 1, 0, 1, 0, 0, 1, 1, 0, 1, 0, 0, 1, 1, 0]",27,0.021270751953125,6650,1.0,R20,27,1
Classical SA (Metropolis),"[0, 1, 1, 1, 1, 0, 0, 1, 0, 1, 1, 0, 0, 1, 0, 1, 1, 0, 0, 1]",27,0.021250009536743164,8481,1.0,R20,27,1
Classical SA (Metropolis),"[0, 1, 1, 1, 1, 0, 0, 1, 0, 1, 1, 0, 0, 1, 0, 1, 1, 0, 0, 1]",27,0.021167993545532227,3183,1.0,R20,27,1
Classical SA (Metropolis),"[0, 1, 1, 1, 1, 0, 0, 1, 0, 1, 1, 0, 0, 1, 0, 1, 1, 0, 0, 1]",27,0.02155590057373047,4101,1.0,R20,27,1
Classical SA (Metropolis),"[0, 1, 1, 1, 1, 0, 0, 1, 0, 1, 1, 0, 0, 1, 0, 1, 1, 0, 0, 1]",27,0.021295785903930664,9923,1.0,R20,27,1
Classical SA (Metropolis),"[1, 0, 0, 0, 0, 1, 1, 0, 1, 0, 0, 1, 1, 0, 1, 0, 0, 1, 1, 0]",27,0.021309852600097656,8210,1.0,R20,27,1
Classical SA (Metropolis),"[0, 1, 1, 1, 1, 0, 0, 1, 0, 1, 1, 0, 0, 1, 0, 1, 1, 0, 0, 1]",27,0.021607160568237305,8230,1.0,R20,27,1
Classical SA (Metropolis),"[1, 0, 0, 0, 0, 1, 1, 0, 1, 0, 0, 1, 1, 0, 1, 0, 0, 1, 1, 0]",27,0.021381855010986328,8383,1.0,R20,27,1
Classical SA (Metropolis),"[1, 0, 0, 0, 0, 1, 1, 0, 1, 0, 0, 1, 1, 0, 1, 0, 0, 1, 1, 0]",27,0.02131509780883789,7445,1.0,R20,27,1
Classical SA (Metropolis),"[0, 1, 1, 1, 1, 0, 0, 1, 0, 1, 1, 0, 0, 1, 0, 1, 1, 0, 0, 1]",27,0.021369218826293945,1276,1.0,R20,27,1
Classical SA (Metropolis),"[0, 1, 1, 1, 1, 0, 0, 1, 0, 1, 1, 0, 0, 1, 0, 1, 1, 0, 0, 1]",27,0.02126479148864746,7768,1.0,R20,27,1
Classical SA (Metropolis),"[0, 1, 1, 1, 1, 0, 0, 1, 0, 1, 1, 0, 0, 1, 0, 1, 1, 0, 0, 1]",27,0.022132396697998047,6297,1.0,R20,27,1
Classical SA (Metropolis),"[1, 0, 0, 0, 0, 1, 1, 0, 1, 0, 0, 1, 1, 0, 1, 0, 0, 1, 1, 0]",27,0.02145981788635254,6909,1.0,R20,27,1
Tabu Search,"[0, 1, 1, 1, 1, 0, 0, 1, 0, 1, 1, 0, 0, 1, 0, 1, 1, 0, 0, 1]",27,2.099715232849121,9962,1.0,R20,27,1
Tabu Search,"[0, 1, 1, 1, 1, 0, 0, 1, 0, 1, 1, 0, 0, 1, 0, 1, 1, 0, 0, 1]",27,2.101947069168091,7475,1.0,R20,27,1
Tabu Search,"[1, 0, 0, 0, 0, 1, 1, 0, 1, 0, 0, 1, 1, 0, 1, 0, 0, 1, 1, 0]",27,2.115250825881958,5948,1.0,R20,27,1
Tabu Search,"[0, 1, 1, 1, 1, 0, 0, 1, 0, 1, 1, 0, 0, 1, 0, 1, 1, 0, 0, 1]",27,2.1001620292663574,2695,1.0,R20,27,1
Tabu Search,"[0, 1, 1, 1, 1, 0, 0, 1, 0, 1, 1, 0, 0, 1, 0, 1, 1, 0, 0, 1]",27,2.100292921066284,5373,1.0,R20,27,1
Tabu Search,"[0, 1, 1, 1, 1, 0, 0, 1, 0, 1, 1, 0, 0, 1, 0, 1, 1, 0, 0, 1]",27,2.101187229156494,7636,1.0,R20,27,1
Tabu Search,"[1, 0, 0, 0, 0, 1, 1, 0, 1, 0, 0, 1, 1, 0, 1, 0, 0, 1, 1, 0]",27,2.1000759601593018,2815,1.0,R20,27,1
Tabu Search,"[0, 1, 1, 1, 1, 0, 0, 1, 0, 1, 1, 0, 0, 1, 0, 1, 1, 0, 0, 1]",27,2.1001689434051514,6650,1.0,R20,27,1
Tabu Search,"[1, 0, 0, 0, 0, 1, 1, 0, 1, 0, 0, 1, 1, 0, 1, 0, 0, 1, 1, 0]",27,2.1001381874084473,8481,1.0,R20,27,1
Tabu Search,"[1, 0, 0, 0, 0, 1, 1, 0, 1, 0, 0, 1, 1, 0, 1, 0, 0, 1, 1, 0]",27,2.100335121154785,3183,1.0,R20,27,1
Tabu Search,"[0, 1, 1, 1, 1, 0, 0, 1, 0, 1, 1, 0, 0, 1, 0, 1, 1, 0, 0, 1]",27,2.099792003631592,4101,1.0,R20,27,1
Tabu Search,"[1, 0, 0, 0, 0, 1, 1, 0, 1, 0, 0, 1, 1, 0, 1, 0, 0, 1, 1, 0]",27,2.1002070903778076,9923,1.0,R20,27,1
Tabu Search,"[1, 0, 0, 0, 0, 1, 1, 0, 1, 0, 0, 1, 1, 0, 1, 0, 0, 1, 1, 0]",27,2.1001219749450684,8210,1.0,R20,27,1
Tabu Search,"[1, 0, 0, 0, 0, 1, 1, 0, 1, 0, 0, 1, 1, 0, 1, 0, 0, 1, 1, 0]",27,2.0997869968414307,8230,1.0,R20,27,1
Tabu Search,"[0, 1, 1, 1, 1, 0, 0, 1, 0, 1, 1, 0, 0, 1, 0, 1, 1, 0, 0, 1]",27,2.100119113922119,8383,1.0,R20,27,1
Tabu Search,"[1, 0, 0, 0, 0, 1, 1, 0, 1, 0, 0, 1, 1, 0, 1, 0, 0, 1, 1, 0]",27,2.1038827896118164,7445,1.0,R20,27,1
Tabu Search,"[0, 1, 1, 1, 1, 0, 0, 1, 0, 1, 1, 0, 0, 1, 0, 1, 1, 0, 0, 1]",27,2.0999531745910645,1276,1.0,R20,27,1
Tabu Search,"[1, 0, 0, 0, 0, 1, 1, 0, 1, 0, 0, 1, 1, 0, 1, 0, 0, 1, 1, 0]",27,2.100203037261963,7768,1.0,R20,27,1
Tabu Search,"[1, 0, 0, 0, 0, 1, 1, 0, 1, 0, 0, 1, 1, 0, 1, 0, 0, 1, 1, 0]",27,2.100275993347168,6297,1.0,R20,27,1
Tabu Search,"[1, 0, 0, 0, 0, 1, 1, 0, 1, 0, 0, 1, 1, 0, 1, 0, 0, 1, 1, 0]",27,2.099984884262085,6909,1.0,R20,27,1
